{
  "$schema-template": "2.0.0",
  "modulesContent": {
    "$edgeAgent": {
      "properties.desired": {
        "schemaVersion": "1.0",
        "runtime": {
          "type": "docker",
          "settings": {
            "minDockerVersion": "v1.25",
            "loggingOptions": "",
            "registryCredentials": {
              "00001": {
                "username": "acrregistry101",
                "password": "ItEIkd3K7=vgEAPq4SlxvojHkOgARp9d",
                "address": "acrregistry101.azurecr.io"
              },
              "0001": {
                "username": "$CONTAINER_REGISTRY_USERNAME_0001",
                "password": "$CONTAINER_REGISTRY_PASSWORD_0001",
                "address": "acrregistry101.azurecr.io"
              }
            }
          }
        },
        "systemModules": {
          "edgeAgent": {
            "type": "docker",
            "settings": {
              "image": "mcr.microsoft.com/azureiotedge-agent:1.0.8-rc1",
              "createOptions": {
                "HostConfig": {
                  "Binds": [
                    
                  ]
                }
              }
            }
          },
          "edgeHub": {
            "type": "docker",
            "status": "running",
            "restartPolicy": "always",
            "settings": {
              "image": "mcr.microsoft.com/azureiotedge-hub:1.0.8-rc1",
              "createOptions": {
                "HostConfig": {
                  "Binds": [
                  ],
                  "PortBindings": {
                    "5671/tcp": [
                      {
                        "HostPort": "5671"
                      }
                    ],
                    "8883/tcp": [
                      {
                        "HostPort": "8883"
                      }
                    ],
                    "443/tcp": [
                      {
                        "HostPort": "443"
                      }
                    ]
                  }
                }
              }
            }
          }
        },
        "modules": {
          "StreamModule": {
            "version": "1.0",
            "type": "docker",
            "status": "running",
            "restartPolicy": "always",
            "settings": {
              "image": "${MODULES.StreamModule}",
              "createOptions": {
                "HostConfig": {
                  "Binds": [
                  ]
                }
              }
            }
          },
          "InvokeMod": {
            "version": "1.0",
            "type": "docker",
            "status": "running",
            "restartPolicy": "always",
            "settings": {
              "image": "${MODULES.InvokeModule}",
              "createOptions": {
                "HostConfig": {
                  "Privileged": true,
                  "Binds": [
                  ]
                }
              }
            }
          }
        }
      }
    },
    "$edgeHub": {
      "properties.desired": {
        "schemaVersion": "1.0",
        "routes": {
          "downToModules": "FROM /messages/* WHERE NOT IS_DEFINED($connectionModuleId) INTO BrokeredEndpoint(\"/modules/InterMod2/inputs/input1\")",
          "ModulesToIoTHub": "FROM /messages/* INTO $upstream",
          "InvokeModToStreamMod": "FROM /messages/modules/InvokeModule/outputs/outputmsg INTO  BrokeredEndpoint(\"/modules/StreamModule/inputs/inputstream\")"

        },
        "storeAndForwardConfiguration": {
          "timeToLiveSecs": 7200
        }
      }
    }
  }
}